userPrincipalName,displayName,givenName,surname,mailNickname,password,department,employeeHireDate,employeeLeaveDateTime
hr.manager@Cousera669.onmicrosoft.com,HR Manager,Harry,Manager,hr.manager,TempPass123!,HR,,,
alice.joiner@Cousera669.onmicrosoft.com,Alice Joiner,Alice,Joiner,alice.joiner,TempPass123!,DevOps,2025-11-20,
bob.mover@Cousera669.onmicrosoft.com,Bob Mover,Bob,Mover,bob.mover,TempPass123!,Marketing,,
charlie.leaver@Cousera669.onmicrosoft.com,Charlie Leaver,Charlie,Leaver,charlie.leaver,TempPass123!,Finance,,2026-11-04T17:00:00Z
diana.joiner@Cousera669.onmicrosoft.com,Diana Joiner,Diana,Joiner,diana.joiner,TempPass123!,Engineering,2025-11-26,
eve.mover@Cousera669.onmicrosoft.com,Eve Mover,Eve,Mover,eve.mover,TempPass123!,HR,,,
frank.leaver@Cousera669.onmicrosoft.com,Frank Leaver,Frank,Leaver,frank.leaver,TempPass123!,Sales,,2026-11-05T12:00:00Z
grace.joiner@Cousera669.onmicrosoft.com,Grace Joiner,Grace,Joiner,grace.joiner,TempPass123!,Support,2025-11-29,
hank.mover@Cousera669.onmicrosoft.com,Hank Mover,Hank,Mover,hank.mover,TempPass123!,IT,,,
ivy.leaver@Cousera669.onmicrosoft.com,Ivy Leaver,Ivy,Leaver,ivy.leaver,TempPass123!,Legal,,2026-11-06T09:00:00Z
jack.joiner@Cousera669.onmicrosoft.com,Jack Joiner,Jack,Joiner,jack.joiner,TempPass123!,Product,2025-11-21,